,title,text,date
0,AI 인공지능 관련주 TOP 10 미국주식에 투자하는 국내 ETF,"(페이스북, 애플, 아마존, 넷플릭스, 구글) 최근에는 AI 위주의 투자가 주목받으면서 FAANG에서 넷플릭스가 제외되고 최대 AI 인공지능 관련주 엔비디아, 테슬라, 마이크로소프트가 포함된 'M7'(Magnificent7)이라는 용어를 많이 사용하고 있습니다. 하지만 M7 기업이라고해서 모두 주가 상승을 기록하고 있는 것은 아닙니다. 실제로 최대 관련주 엔비디아가...",2주 전
1,최신 무선 엘지 올레드TV 결국 인공지능 65인치와 77인치 가격차이!! 엘지 시그니처 올레드T 기대되네...,그리고 기본적으로 인공지능 기능을 강화하면서 더욱 강력한 퍼포먼스를 제공합니다. 개인적으로는 부담이 되기는 하지만 올레드TV의 사이즈는 크면 클수록 좋다는... 2024년 최신 올레드TV의 혁신 핵심 요소는 성능을 대폭 강화한 신규 프로세서입니다. 전 모델보다 딥러닝 기능을 더욱 강화해 더 선명한 화질과 풍성한 공간...,3주 전
2,"슈퍼마이크로컴퓨터(SMCI) 주가, 인공지능, 데이터센터 관련주",안녕하세요 저장 안해서 같은 포스팅을 두번째 작성하는 네이버 인플루언서 길짱입니다 최근 AI 관련주가 굉장히 핫한데요 특히 전세계 증시 대장 미국 증권시장에 속한 인공지능... 슈퍼마이크로컴퓨터는 및 GPU 시장 대장인 엔비디아와 긴밀한 협력 관계를 구축하고 있어 엔비디아 관련주로 분류됩니다 또한 CPU 및 GPU 가속기 분야에서 엔비디아뿐 아니라...,4주 전
3,[2월 26일 마감시황] 인공지능(AI) 테마 추가 반등은 아직,"바탕으로 인공지능(AI) 테마가 주식시장 상승 모멘텀을 끌고 갈 것이란 기대가 높기는 하지만 본격적인 추가 반등은 아직 현실로 나타나지 않고 있음 '월가 공포지수' 변동성 지수(VIX)는 보합세 업종별로는 혼조세 테슬라가 포진한 임의소비재와 에너지, 엔비디아 등이 들어가 있는 기술업종이 상승 (AI) 시장 경쟁이 심화하는 가운데 검색시장...",3주 전
4,인공지능 기반 AI 로봇 똘똘이 로아이젠 돌봄 로봇 마이봄 미니 써보니,"인공지능 시스템이 우리 일상에 어느 정도 자리 잡아 나가고 있습니다. AI 로봇이 등장한 이후, 편리함을 추구함과 동시에 추후 휴머니즘이 사라질지도 모른다는 우려 때문인지 양날의 검이라 생각하시는 분들이 많습니다. 하지만 이는 앞으로 풀어나가야 할 과제겠죠. 각설하고 이번 포스팅에서 소개하려는 제품은 기반 AI 로봇 똘똘이 로아이젠 돌봄 로봇...",2023.11.16.
5,인공지능 AI 반도체 관련주 미국 국내 (1편),"인공지능 AI 반도체 관련주 미국, 국내 미국 엔비디아 주가가 연일 폭등하고 있어서 AI 반도체에 대해 이야기를 해보려고 합니다. AI 반도체를 글 한편에 모두 설명하기에는 얽혀 있는 기업들도 많고 그 먹이 사슬을 이해하는 데만 해도 너무 정보가 방대하기 때문에 앞으로 AI 반도체 글을 시리즈 형식으로 나눠서 올릴 생각입니다~ 1. AI 가 대세 * 현재...",4주 전
6,리벨리온 인공지능 AI 반도체 주식 상장 주가 - NPU 관련주,"리벨리온 인공지능 AI 반도체 주식 상장 주가 - NPU 관련주 반도체 산업은 두 부류로 나뉩니다. 반도체를 설계하고 디자인 하는 쪽과, 이걸 실제 공장에서 찍어내는 쪽입니다. 전자를... 엔비디아가 급성장한 이유는 분야에 절대적으로 필요한 반도체 설계기술을 가지고 있기 때문입니다. AI 를 학습하고 동작시키기 위해서는 엄청나게 많은 부동소수점...",4일 전
7,"월요일 메타, TSMC, AMD 및 인공지능 관련 주가가 하락한 이유",인공지능(AI)의 도입이 가속화되면서 생긴 부산물 중 하나는 좋든 나쁘든 투자자들이 AI 주식을 집단적으로 보는 관행입니다. 많은 경우 한 기업의 발전이 파급 효과를 일으켜... 이번 소송은 저작권이 있는 저작물이 자신도 모르게 또는 동의 없이 시스템을 학습시키는 데 사용되었다고 주장하는 작가들이 제기하는 소송 중 가장 최근의...,5일 전
8,카카오톡 AI 요약 기능 및 카톡 인공지능 대화 말투 변경하기 사용법,"가장 최근 카카오톡에 AI 요약 기능과 인공지능 대화가 업데이트되었습니다. 단톡방에 엄청나게 쌓인 대화 내용을 간단하게 요약하는 것에서부터 시작하여, 특정 대화 상대에 따라서... 카카오톡 AI 요약, 카톡 대화 말투 변경하기 사용하려면? 이번에 새로 업데이트된 기능은 앞에서도 이야기했듯이 아직 배타 버전이기 때문에 기본으로 사용할 수 없습니다. 카톡...",2024.01.12.
9,인공지능 반도체 관련주: 엔비디아 주식 주가 전망,인공지능 반도체 관련주 엔비디아의 영향은 이뿐만이 아니다. 최근 떠오르고 있는 전기차에도 지대한 영향을 미치고 있다. NVIDIA DRIVE 자율 주행 플랫폼 및 자동차 개발 계약 Jetson... 반도체 관련주 엔비디아 엔비디아 주가 근황 관련주 엔비디아 주가 엔비디아(NVIDIA)는 최근 어닝 서프라이즈를 통해 주가가 크게 상승하였다. 현재 엔비디아 주가는 762....,4주 전
10,인공지능 AI 블루투스 스피커 씽고 특징 기능,"인공지능 기술을 활용한 AI 스피커 제품으로, 음악 재생, 날씨 정보, 일정 관리 등 다양한 기능을 제공하며 어떤 특징이 있는지 살펴보겠습니다. 무선으로 연결되는 블루투스 스피커... 씽고 AI 스피커 제품은 인공지능 기술을 통해 사용자의 음성 명령을 인식하고 응답할 수 있는 특징을 가지고 있습니다. 예를 들어, ""씽고야, 오늘 날씨 어때?""라고 말하면 현재 위치의...",1주 전
11,데이터 라벨링 개념 / 인공지능 시대 뜨는 부업,"인공지능이 더욱 스마트해지기 위해서는 '학습'이라는 것을 해야 합니다. 데이터 라벨링은 기계 학습 및 딥러닝 모델을 훈련시키기 위해 데이터에 대한 정확한 정보를 제공하는 과정을 말합니다. 말하자면 기계가 무언가를 인지하고 학습하는 것을 도와주는 활동이죠! 학습의 첫 번째 단계는 원시 데이터를 수입하는 것입니다. 이미지, 텍스트, 오디오, 영상 등...",2주 전
12,MWC24 바르셀로나 통신과 인공지능의 융합 SKT AI 가 그리는 통신사업의 미래,"특히 ‘AI의 인간화’를 전면에 부각하며 인공지능으로 달라질 일상에 주목했습니다. SK텔레콤 역시 ‘AI, 변화의 시작점’을 주제로 텔코(Telco·통신사) 중심의 인공지능(AI) 기술 및 서비스를 선보였는데요. 전시 내용에 대해 좀 더 구체적으로 살펴보겠습니다. SKT는 올해도 바르셀로나 ‘피라 그란 비아(Fira Gran Via)’의 메인 전시관인 3홀 중앙에 대형...",3주 전
13,MWC 2024 텔코 AI와 함께 하는 SKT 인공지능 기술 소개,국내 통신 브랜드를 대표하는 SKT 부스에서는 불과 몇 년 사이에 가장 핫한 키워드로 떠오른 인공지능과 관련된 여러 가지 기술과 활용 사례들을 만나볼 수 있었습니다. 많이 가까워지기는 했지만 아직까지 우리 일상에 어떤 영향이 있을지 모르겠다는 분들도 있습니다. 아주 간단한 예로 SK텔레콤의 비서인 '에이닷'이 있습니다. 에이닷을 이용하면 통화...,3주 전
14,삼성 갤럭시 S24 울트라에 탑재된 AI(인공지능) 기능 살펴보니?,Mobile 삼성 갤럭시 S24 울트라에 탑재된 AI(인공지능) 기능 살펴보니? 영댕이 2024. 1. 22. 08:07 이번에 발표된 삼성전자의 갤럭시 S24 울트라의 가장 핵심 기능은 AI(인공지능) 기능을 별도의 네트워크나 클라우드 연결 없이 기기 자체에서 온디바이스로 실행시킬 수 있다는 점입니다. 그럼 이번 포스팅에서는 갤럭시 S24 울트라의 주요 특징과 함께 어떤 ...,2024.01.22.
15,인공지능 데이터라벨링으로 수익 창출하고 싶다면?,인공지능 데이터라벨링으로 수익 창출하고 싶다면? 데이터가 곧 힘이다! 라는 말이 있듯이 정보는 우리에게 큰 힘이 되고 있습니다. 특히 작년에 Chat GPT 출시와 함께 국내. 외로 인공지능에 대한 관심도 많이 늘어나고 있는데요. 주변을 둘러보면 이미 많은 분들이 을 활용해 사업에서 이윤을 창출하고 있는 것을 볼 수 있습니다. 오늘 뉴스만 보더라도 챗 GPT에...,2024.02.08.
16,"쳇GPT어플 설치 방법, 내 손안에 인공지능비서를 만들어보자","오늘은 내 손안에 인공지능 비서를 만들기 위해 쳇GPT어플 설치방법을 간단하고 쉽게 알아보겠습니다. 스마트생활이 쉬워지는 공간, 테크뮤즈의 아틀리에 시작합니다. 쳇GPT어플... 이상, 쳇GPT 어플 설치방법과 사용법에 대해 간단히 알아보았습니다 어떻게 세팅하느냐에 따라서 정말 내 손안에 편리한 비서로 사용이 가능한 쳇gpt를 쉽고 편리하게...",4주 전
17,[US 종목분석] 인공지능 강자 ibm 주가 전망 : ai 실적 매수 타이밍,"오늘은 인공지능 강자로 알려진 ibm 주가 전망을 살펴보면서 ai 실적이 끌어올린 인터내셔널 비즈니스 머신의 매수 타이밍을 알아보겠습니다 어떤 회사인가 뉴욕거래소에 상장한 기업으로 하이브리드 클라우드 및 인공지능, 비즈니스 서비스 제공 업체로 산업 및 비즈니스 프로세서에서 데이터와 정보 기술을 사용하는 통합 솔루션 제품을 제공하는 기업입니다. 사업...",5시간 전
18,"베트남, ‘정부 인공지능(AI) 준비지수’ 세계 59위 기록","베트남, ‘정부 인공지능(AI) 준비지수’ 세계 59위 기록 단신 속보뉴스 베트남 하노이무역관 최지영 출처 : KOTRA □ 베트남 정부의 AI 준비 수준, 193개국 중 59위 ㅇ (국별 비교)... 보고서에서 인공지능(AI) 준비성 측면에서 193개국 중 59위를 차지했다. 2022년에는 55위, 2021년에는 62위, 2020년에는 76위를 기록했다. Oxford Insights 연례 보고서는 AI를 사용하여...",4주 전
19,"인공지능(AI) 시대, 반도체에 7조 달러 투자한다고?","사람이 촬영한 것보다 더 정교한 동영상을 인공지능이 만들어낸 것인데요. 사람들은 감탄을 자아내고 있습니다. 특히 특정 분야에서 활용되는 AI가 아니라 범용 AI가 개발되면 어떨까요? 범용 AI는 모든 상황에 인간처럼 적용하여 두루 활용할 수 있는 AI를 말합니다. 이를 인공일반지능(AGI)이라고 말하죠. © siderius_creativ, 출처 Unsplash AGI가 개발되면 미래의 세상은...",3주 전
20,LG 사운드바 AI인공지능으로 진화한 입체음향 사운드를 담다,LG전자에서 인공지능으로 구현한 풍부한 입체 사운드는 물론 프리미엄 LG TV 시리즈와도 디자인을 꼭 맞춘 2024년형 LG 사운드바를 출시합니다. 이번 신제품은 사운드바와 TV... 이제 사운드바도 AI 인공지능의 중요성을 담고 있는 것을 확인할 수 있습니다. LG 사운드바 AI 입체 사운드 대표 모델인 S95TR은 세계 최초로 업파이어링 스피커 3개를 탑재한...,1주 전
21,(모집) 구라칠 때 상대방눈을 보지마라 - 인공지능 수익화 파이프라인 구축 전자책 얼리버드,사실 눈은 굉장히 작은 영역이라서 여기를 디테일하게 그리는 것은 인공지능도 힘들어합니다. 위 글에서도 다루엇듯이 종이가 작으면 절대 디테일이 나올 수 없습니다. 아무리 그림의 대가라도 작은 면적의 종이에 자세하고 세세한 그림을 그릴 수는 없습니다. 그레서 은 종이를 확대하여 자세히 그린다음 다시 축소하여 합성하는 방식을 사용하는 편입니다....,2024.02.13.
22,"비트코인 1억원 돌파, 인공지능이 예측한 4차 반감기 비트코인 시세는?","반감기 이후 비트코인 가격에 대해 인공지능에게 질문하고 받은 답변을 토대로 정리한 표입니다. 4차 반감기 이후 2.8~7.1배 정도 상승할 것으로 예상하고 있었습니다. 1차 반감기... 4차 반감기 1년 후 비트코인 가격이 최대 30만 달러까지 올라갈 것으로 예상한 의 예측이 얼마나 맞을지도 궁금하네요. 차트에서도 보시면 2차, 3차 반감기 후 시차를...",6일 전
23,인공지능 데이터라벨링 꾸준한 수입 올리는 법,"인공지능 데이터라벨링 꾸준한 수입 올리는 법 안녕하세요. 사진&IT 크리에이터 자유분방입니다. 데이터라벨링은 인공지능 모델이 학습할 수 있도록 데이터의 레이블을 지정하는 작업을 의미합니다. 이미지나 텍스트, 오디오, 비디오 등에 레이블을 지정하는 방식입니다. 2023년도 그렇고 챗GPT의 시대는 2024년에도 여전히 진행 중입니다. 대규모 언어모델이자 챗봇인...",2024.02.06.
24,퀀텀 코인 호재 인공지능 AI 출시 예고 전망,오픈 AI로 시작한 인공지능 테마가 잠시 주춤하고 있는 와중에 이러한 연계점과 호재로 현재 급등하고 있는 코인이 있다. 바로 업비트에 상장되어 많은 수량이 거래되고 있는 퀀텀 코인(QTUM)에 대한 호재로 정말 별 내용이 아니라고 생각할 수 있으나 현재 시장이 반응하고 있는 만큼 관련 정보 빠르게 공유해 본다. 이 강세라 너무 AI에 편승하는 부분은...,2주 전
25,헬스케어도 인공지능 시대! 의료 생성형 AI를 네이버 클로바로 만나다,"헬스케어도 인공지능 시대! 의료 생성형 AI를 네이버 클로바로 만나다 안녕하세요? 태스입니다 '생성형AI'가 등장하고 일상 속으로 스며들은 지금, IT업계의 모든 판도가 뒤바뀌었다고 봐도 무방할 정도로 큰 변화가 있는 상황입니다. 생성형 AI는 문자 그대로 LLM(대규모 언어 모델)을 기반으로 스스로 문장을 생성한다는 점에서, 이전까지 우리가 이라...",1주 전
26,아캄 코인 AI(인공지능) 블록체인 분석 플랫폼 알아보자,아캄 코인 AI(인공지능) 블록체인 분석 플랫폼 알아보자 안녕하세요. 말하는 토끼입니다. 비트가 드디어 5만 달러를 돌파했습니다. 코로나 유동성 시기 이후로 최고치를 경신했습니다.... 아캄은 인공 지능을 이용하여 블록체인과 온 체인 데이터를 추적하고 소유자 등에 대한 정보를 보여 주는 분석 플랫폼입니다. 아캄의 경우 출시 초기에 플랫폼에 가입을 하기만 해도...,4주 전
27,삼성 언팩 인공지능 탑재 갤럭시 S24 울트라 주요 기능 가격,"알려진 대로 갤럭시 AI가 탑재되었으며, 이를 통한 실시간 번역, 인공지능 검색 및 사진 편집 등의 기능들을 선보였습니다. 언팩을 시청하면서 인상 깊었던 기능 그리고 출시일 및... 인공지능 기반의 프로비주얼 엔진 탑재로 저조도에서 나이토그래피 기능이 더욱 향상되었고요. 기존에는 3배, 10배 줌에만 광학 수준 고화질이 제공되었는데요. 이번에 쿼드 텔레...",2024.01.18.
28,[인공지능 활용 강의] 오픈AI 소라(Sora)와 피카랩스(PikaLabs) 동영상 비교,"오늘 인공지능 활용 강의에서는 현재 시장에서 인기 있는 ""오픈AI의 소라(Sora)와 피카랩스(PikaLabs) 동영상""에 대해 알아보겠습니다. 현재 오픈AI는 천문학적인 투자금을 유치하고 있습니다. 관련 내용은 다음의 링크를 확인하세요! 이 투자 기간에 맞추어 현존하는 가장 성능이 우수한 생성형 동영상 플랫폼에 대해 소개했습니다. 플랫폼 명은 소라(Sora)이며...",4주 전
29,[인공지능cctv] 반갑다문구야 무인문구점 경기 양주옥정점 내 인공지능CCTV 설치 후기,인공지능CCTV설치로 보다 안전한 AI영상보안시스템을 구축해보세요. 가입문의 1666-0068 #자비스넷 #cctv설치 #경기cctv #양주cctv #경기양주cctv #cctv #지능형cctv #양주무인문구점 #무인문구점 #무인문방구 #인공지능cctv #지능형CCTV #cctv영상분석 #반갑다문구야 #시외cctv #반갑다문구야양주옥정점 #경기문구점 #절도감시CCTV #침입감지cctv #반갑다문구야cctv #경기양주시cctv,2시간 전
30,인공지능은 경제를 어떻게 변화시킬까? by Krugman,"인공지능의 발전이 경제에 미칠 영향에 대한 크루그먼 교수의 생각이 잘 정리된 것 같아, 소개합니다~ 인공지능이 경제를 변화시킬까요? 2022년 가을부터 인공지능에 대한 긍정적이든 부정적이든 버즈가 급증했습니다. 최근 몇 달 동안 가장 유명한 기술인 ChatGPT의 사용량이 감소하면서 이러한 버즈는 어느 정도 수그러든 것으로 보입니다. 하지만 이것이...",6일 전
31,"[대박나는 칼국수 경영철학 핵심가치 POP 슬로건 만드는 방법] 인공지능, 미리캔버스, 비즈하우스 활용하기","대박나는 칼국수 경영철학 핵심가치 POP 슬로건 만드는 방법 인공지능 빙, 코파일럿, 챗GPT, 미리캔버스, 비즈하우스 활용하기 분당칼국수 오너셰프의 블로그 콘텐츠로 인공지능을 활용해서 작성한 분당칼국수의 3가지 고집 1. 자가제면의 고집: 분당칼국수는 물과 소금 밀가루만으로 제면을 합니다. 그날그날의 온도와 습도에 따라 면의 물성을 조절합니다. 부드러운...",2024.02.08.
32,AI 전력설비 관련주 (글로벌 인공지능 확대 전력 수요 증대) 가온전선 / 일진전기 / HD현대일렉트릭...,"^^ 인공지능(AI) 시장 성장세가 두드러지며 전력설비 관련주들이 연일 주목받고 있습니다. 시장에서는 AI 수요에 따라 데이터센터가 늘어나면 곧 관련 설비와 전력 수요증가로... 인공지능(AI)과 전기차 등 전력 소모가 큰 신기술이 등장하고 선진국 전력 인프라의 노후화, 친환경에너지 전환 등이 맞물리면서 ~~^^ 이상으로 포스팅을 마무리하겠습니다. 오늘도 바쁜...",4일 전
33,‘인공지능’ 시대의 농업유전자원,‘인공지능’ 시대의 농업유전자원 농업유전자원센터는 데이터 라벨링을 통한 농업식물유전자원의 빅데이터 구축을 계속해 품종 육성 디지털화를 위한 기초자료를 제공해 나갈 계획이다. 최근 빈번하게 등장하는 신조어가 하나 있다. 바로 ‘데이터 라벨링(Data labeling)’이다. 사람이 만든 데이터를 (AI)이 인식할 수 있도록 각 데이터에 정보를 붙여주는...,3주 전
34,갤럭시S24 출시 가격 및 특징! 인공지능 AI로 차별화,"이번 갤럭시S24는 하드웨어보다는 인공지능 AI에 좀 더 집중이 된 모습을 보여주기도 했는데요. S24보다 갤럭시AI가 진짜 주인공이었다는 생각이 들기도 했습니다. 대표적인 AI기능으로는 문자 메지시 및 통화 중 실시간 번역이 가능한 AI 번역, 웹 서핑, SNS, 유튜브 등 사용 중 궁금한 사안이나 정보 확인을 위해 검색이 필요할 경우, 어느 화면에서나 동그라미를...",2024.01.18.
35,자이언티ai 정체는 챗GPT? 인공지능 챗봇 사용방법 및 대화 후기,"영화속에서 인공지능과 사랑에 빠진 남자 주인공이 질문을 합니다. 테오도르: '나랑 얘기하는 동안 다른 사람들하고도 얘기해?' 사만다: '응' 테오도르: '지금도? 명몇이랑 대화중이야?' 사만다: '8,815명이랑...' 테오도르: '나말고 다른사람도 사랑해?' 사만다: '이 얘길 어떻게 해야 할지 고민했어.' 테오도르: '몇명이야?' 사만다: '641명' 테오도르: '넌 내꺼야 아니야?...",2023.12.21.
36,인공지능이 그려주는 실사화의 수준,"인공지능의 발전이 기가 막힙니다. ChatGPT 로 촉발된 혁명이 어디까지 발전할지 궁금해집니다. 미드저니, 달리처럼 그림을 그려주는 이미지 생성형 인공지능에 관심이 많습니다. 특히 실사화를 그려주는 AI 에 주목하고 있습니다. 시간을 쪼개서 여러 기능을 공부해보고 있습니다. 배우기만 한다고 다는 아닙니다. 직접 만들어보고, 수익화를 위해서 이런 저런 노력을 하고...",2024.01.11.
37,기능 엘지 퓨리케어 공기청정기!! 인공지능 플러스 탑재 소비전력 최대 51.2% 절약 비밀!!(feat. LG),무엇보다 신제품 엘지 퓨리케어 오브제커렉션 360˚ 공기청정기는 인공지능(AI) 플러스 기능을 탑재해 제품이 알아서 공기질을 분석해 동작 세기를 조절하며 효율적으로 운전하며. 기존 인공지능 모드 대비 소비전력을 최대 51.2% 절약할 수 있어 전기료 절감에 도움이 됩니다. 다만 엘지 퓨리케어 공기청정기의 전체 전기료가 52.2% 절감 된 것이 아니라 ...,2024.02.06.
38,삼성 갤럭시 S24 홍보 이미지 유출! AI 인공지능 기능과 스펙은?,AI 인공지능 기능과 스펙은? 영댕이 2024. 1. 14. 17:44 이제 다음 주면 삼성전자의 플래그십 스마트폰 갤럭시 S24 시리즈가 정식으로 공개될 예정입니다. 그리고 이미 중요한 정보들은... AI(인공지능) 관련 기능을 강화할 것으로 보이는데요. 최근의 트렌드를 반영한 개발 방향이라고 할 수 있습니다. 그런데 아직 이러한 기능들이 원활하게 동작하는 제품들은 많지...,2024.01.14.
39,[AIMD] 빅데이터와 인공지능(AI) 기술을 적용한 원전 설비 자동예측진단 시스템,"[AIMD] 빅데이터와 인공지능(AI) 기술을 적용한 원전 설비 자동예측진단 시스템 지난해 우리 사회를 뜨겁게 달군 이슈 중 “챗GPT”를 빼놓을 수 없습니다. 자율주행, 비서 로봇 등은... AIMD의 AI는 우리가 아는 그 인공지능 AI(Artificial Intelligence)를 말하는 게 맞습니다. M은 Monitoring(감시와 관찰), D는 Diagnosis(진단)을 뜻하고 AIMD를 우리말로 통칭하면 “통합예측진단...",2024.02.13.
40,"인공지능 관련 주, IA기업 한글과컴퓨터 한컴 AI 출시 내용 정리","2) 단순 AI가 아닌 지능형 자동화 시장 공략 지능형 자동화를 뜻하는 IA는 인공지능(AI)를 활용하여 비즈니스 프로세스 관리, 로봇 프로세스 자동화 기술을 활용하여 전사적 법위에 의사결정을 간소화 및 확장 등 소프트웨어 자동화를 만드는 프로세스를 이른다. 한컴 어시스턴트를 중심으로 고객 및 산업별 비즈니스 프로세스 맞춤형 자동화 엔진을 만들어 시장을 공략할...",2024.01.04.
41,[인공지능 활용 강의] OpenAI 소라(Sora)와 피카랩스(PikaLabs) 인물 동영상 비교(2),"오늘 인공지능 활용 강의에서는 현재 시장에서 인기 있는 ""오픈AI의 소라(Sora)와 피카랩스(PikaLabs)의 인물 동영상""에 대해 알아보겠습니다. 저번 시간의 ""오픈AI 소라(Sora)와 피카랩스(PikaLabs)의 기본 동영상 비교""는 아래 링크를 확인하세요~ "" 현존하는 가장 성능이 우수한 생성형 동영상 플랫폼의 소라(Sora)는 1분 이내의 동영상을 제작해 줍니다....",4주 전
42,AI 인공지능 딥러닝 워크스테이션 조립컴퓨터 제작,AI 인공지능 딥러닝 워크스테이션 조립컴퓨터 제작 안녕하세요^^ 용산 조립컴퓨터 전문 최종문 실장 인사드립니다. 오늘은 인공지능 개발을 위해 제작된 워크스테이션 조립컴퓨터를 소개 합니다. 인텔 14세대 14900K 모델을 넣고 지포스 RTX 4090 그래픽카드를 넣어 구성한 조립컴퓨터 입니다. 수냉쿨러와 메모리 128G를 넣어 구성 하였습니다. 케이스는...,2024.02.16.
43,"[미국주식] 오픈AI 물리학 난제 푸는 과학 인공지능 개발, 빅 테크 생성형 AI 로봇 경쟁","오픈AI, 물리학 난제 푸는 과학 인공지능 개발 IT 관계자에 따르면, 최근 오픈AI는 물리학 전공 교수들을 데이터 라벨러(Data Labeller)로 채용, 과학 AI 모델을 구축 중 데이터 라벨러 : 학습용 데이터를 수집, 가공하고 모델 성능을 향상하는 역할 담당 AI는 오류가 제거된 '클린 데이터'를 학습하면 성능이 극대화되는데, 이 역할을 물리학 교수들에게 맡긴 것....",2주 전
44,[대회홍보]제6회 연구개발특구 인공지능 경진대회,매년 진행되어오던 연구개발특구 인공지능경진대회(AI SPARK CHALLENGE)가 개최됩니다. 이번은 6회 차입니다. 대회안내입니다. <제6회 2024 연구개발특구 AI SPARK 챌린지 개최> □대회 소개 ○연구개발특구 AI SPARK 챌린지란? -데이터 및 을 활용하여 연구개발특구 기업의 비즈니스 문제해결 및 사회문제 해결을 지원하는 경진대회로...,2주 전
45,"기업교육 정재승 교수 강연 '4차 산업혁명- 인공지능, 빅데이터?' 특강","이번에 소개해드릴 강연 영상은 정재승 교수님의 강연 '4차 산업혁명- 인공지능, 빅데이터? 이게 다가 아니다' 특강 영상 입니다. 정재승 교수님은 호오컨설팅 연사섭외로 4차산업, 미래, 인공지능, 미래기술, 로봇, 미래사회, 과학, 뇌과학 등 다양한 분야의 기업교육 강연(특강)을 진행하고 계십니다. 그럼 정재승교수님 영상 바로 포스팅 시작하겠습니다. 이미 젊은...",3주 전
46,"반려동물의 건강을 위한 인공지능 AI 펫테크, SKT X Caliber","인공지능(AI)이나 사물인터넷(IoT)을 활용한 제품들, 특히 반려동물의 건강 관리 제품들이 많이 등장하고, 주목을 받았습니다. 의사소통 장난감 버튼스(Buttons)ㅣ출처: FluentPet... 이미지 출처: SK텔레콤 뉴스룸 X Caliber는 AI() 기반의 동물 진단 보조 서비스입니다. 동물 병원에서 반려동물의 엑스레이를 촬영하여 클라우드에 업로드를 하면, 이 분석...",2023.11.14.
47,"AI 인공지능 재미나이로 작사하고 suno로 나만의 노래 쉽고 빠르게 작곡하기, 스마트폰강사","스마트폰, 인공지능으로 안되는 것이 무엇일까 찾기 어려운 거 같은 요즘 시간되면 솔내거리 상인회에 참석해서 공부도 하고 서포트도 하고 있는데요, 문성식교수님, suno로 노래 만들기 교육을 하셨어요. AI 인공지능 재미나이로 작사하고 suno로 나만의 노래 쉽고 빠르게 작곡하기 스마트폰 활용교육 때 활용하면 좋겠죠! AI 재미나이로 작사하고 suno로...",2024.02.15.
48,인공지능 AI판 앱스토어. GPT스토어,"인공지능 기술이 전례 없는 속도로 발전하면서, 우리는 이제 누구나 자신만의 AI를 만들고 그 가치를 시장에 제공할 수 있는 새로운 시대의 문턱에 서 있는데요. 이러한 변화의 중심에는 인공지능 기술에 초점을 맞춘 새로운 플랫폼 'GPT스토어'가 있습니다. OpenAI가 지난 1월 출시한 'GPT스토어'는 구글플레이나 앱스토어와 유사한 역할을 하지만, 여기서 거래되는...",4주 전
49,3대 혁신분야 - 스테이블코인 메타버스 인공지능 (ft. 와이 콤비네이터),"3대 혁신 분야 : 스테이블코인, 메타버스, 인공지능 실리콘밸리 인큐베이터인 와이 콤비네이터는 스테이블코인, 메타버스, 인공지능(AI) 기술을 가장 유망한 혁신 분야로 보고 있습니다. 2월 15일에 발표된 연례 ""스타트업을 위한 요청"" 보고서에서 Y Combinator는 스테이블코인이 비용 효율적인 국경 간 결제 옵션으로서 엄청난 잠재력을 가지고 있으며, 증강현실...",4주 전
50,인공지능&챗GPT 강의 추천 3편 - 생성형AI 뭐길래 난리일까,"AI(인공지능)가 세상을 빠르게 바꾸고 있습니다. 저는 훗날 돌아보면 스마트폰 시대를 연 아이폰 혁명 같은 일이 아닐까 생각합니다. 아니, 그 이상의 큰 변화인 것 같다고요. 그런데 막상 챗GPT를 열어보면 이게 뭔지, 이걸 어떻게 써야할지, 왜 혁명이라 하는지 감이 잘 안 오죠. 챗GPT가 그린 LLM 개념 게다가 LLM(Large Language Model, 대형언어모델)이며 생성형 ...",2024.01.24.
51,AI 인공지능과 함께 세상은 무조건 과거보다 빨리 변화할 것 입니다.,"앞으로 사람의 지능을 훌쩍 뛰어넘는 인공지능 시대에서는 사람들의 수요에 맞는 기술발전이 기존과는 비교할 수 없을 정도로 매우 빠르게 이뤄질 것입니다. 수요는 곧 가격으로 환산됩니다. 다시 말씀드리면, 지금 내가 돈을 잘 버는 사람 이라면 더욱 과 가까워져야 지금의 부, 소득을 유지할 수 있겠습니다. AI의 빠른 발전속도가 무섭기도 하지만...",1일 전
52,갤럭시 S24 핵심인 온디바이스 AI 인공지능,얼리어답터 리뷰/스마트폰 갤럭시 S24 핵심인 온디바이스 AI 인공지능 by 엔돌슨 2024. 1. 22. 갤럭시 S24 왜 인공지능 탑재된 온디바이스 AI 일까? 이제 언어의 장벽은 인공지능 앞에서 다 깨져버리는 것일까요? 이런 생각이 듭니다. 그리고 스마트폰이 개인 비서 역할을 더 잘해줄 수 있게 변해가는 중이라는 생각이 듭니다. 최근 출시된 삼성전자의 스마트폰인 갤럭시...,2024.01.22.
53,한글과 컴퓨터 인공지능 AI 프로그램 한컴 어시스턴트,"최근 인공지능과 AI에 대한 관심이 많이 커졌습니다. 저 또한 그런데요. 그 중에서도 마이크로소프트의 코파일럿을 보고 많이 신기했던 기억이 있습니다. 한국판 코파일럿을 한글과... 한컴은 AI뿐 아니라, 이를 넘어선 IA 지능형 자동화 시장을 공략하는 사업전략을 11월 28일 기자간담회에서 밝힌 바 있습니다. IA란 Intelligent Automation으로 자동화 도구에 AI를 추가하여...",2024.01.04.
54,한컴AI 인공지능 IA기업으로 발돋움,한컴에서 한국판 코파일럿이라고 할 수 있는 인공지능 AI 프로그램인 한컴 어시스턴트를 내년 상반기에 출시한다고 합니다. 이번 한컴 어시스턴트는 스마트 문서 작성 엔진을 기반으로 여러 LLM(대형언어모델)과 연결되어 동작하는 AI 지능형 문서 작성 도구로 자연어로 명령하면 LLM을 거쳐 내용을 이해하고 의도를 분석해 자동으로 문서 생성을 도와주는 기술입니다....,2024.01.11.
55,2024년 1월 기준 생성형 인공지능 서비스 TOP 100,"안데르센 호로비츠에서 발표한 생성형 인공지능 TOP 100 상위 50개 AI 우선 웹 제품 순위 웹과 모바일 세대 AI 제품을 두 개의 개별 목록으로 분리했습니다. 웹 순위와 마찬가지로, 모바일 앱 순위는 센서타워 데이터(2024년 1월 기준)에 따라 월간 활성 사용자 수에 따라 정렬되었습니다. 아래에서 살펴볼 것처럼 소비자들이 웹과 모바일에서 세대별 AI와...",1일 전
56,위치한 인쇄업체 공장 내 화재감시 및 침입감지cctv설치후기 | 파주CCTV | 경기CCTV | CCTV,"파주cctv 공장cctv 인공지능cctv 지능형 기반 화재감시CCTV설치 전문기업 ""자비스넷"" 블로그지기입니다. 오늘 소개해드릴 설치 후기는 경기도 파주시에 위치한 인쇄업체 공장 내 화재감시 및 침입감지 cctv설치 후기입니다. 인쇄업체 공장의 특정상 수많은 인쇄물을 다루고 기계로 찍어내고 기계설비를 사용할 일이 정말 많죠. 또한 찍어낸 인쇄물을 쌓아 두고 그 쌓인...",1시간 전
57,인공지능(AI) 판사 찬반 논란,"인공지능(AI) 판사가 과연 도입이 가능할까요? 기술의 발달하면서 야구에서는 인공지능 판정, 축구에서는 라인크로스 판단 기술 등 여러 분야에서 인공지능(AI) 기술이 도입되고 있습니다. 법에 관에서도 인공지능(AI) 판사가 도입될 경우 윤리적 문제, 사법적 정의에 대한 영향을 끼칠 수 있습니다. 현재 사법 시스템에서는 기술을 이미 사용하고 있습니다....",2024.01.25.
58,쓰레기를 자동으로 분류하는 인공지능 로봇 ZenRobotics 4.0,"(동영상) 이렇게 인공지능 이미지 분류 기술을 이용한 인공지능 로봇은 사실 먼 미래의 이야기가 아니라 이미 현실로 다가온 이야기입니다. 일본 등 극심한 인력난을 겪는 국가에서도 이미 이런 시스템이 하나 둘 도입되고 있습니다. (관련 뉴스) 3D 업종을 기피하는 분위기인데다, 저출산 노령화 여파로 실제로 일할...",4주 전
59,인공지능 교육 받고 AI개발자가 되는 방법,"지난해 인공지능 챗봇 ChatGPT가 공개된 후 AI에 대한 관심이 급격히 커지고 있는데요. 현재 대부분의 기업에서 자사의 제품 및 서비스에 인공지능을 접목하고 있습니다. 이에 따라 자연스럽게 관련 인력에 대한 수요가 크게 증가하고 있는 반면 공급은 크게 부족한 상황입니다. 소프트웨어 정책연구소가 발표한 AI 산업 실태조사에 따르면 설문에 응답한 1,915개 기업...",2주 전
60,대세는 인공지능...AI를 활용한 유튜브 마스터 기본과정 개강,AI 인공지능을 활용하여 빠르게 영상제작하는 방법 등 최신 영상제작 기법까지 다양한 수업이 진행됩니다. AI를 활용한 유튜브 마스터 기본과정 커리큘럼 커리큘럼은 다음과 같습니다. Ⅴ. 유튜브 동영상 마케팅의 기본 원리와 이점 이해하기 Ⅴ. 스마트폰으로 동영상 콘텐츠 및 쇼츠 제작 Ⅴ. 효과적인 동영상 콘텐츠 편집 방법 Ⅴ. 챗GPT 등 AI 을 이용한 빠른...,2주 전
61,인공지능을 활용해서 얼굴 합성하기 ft.ReActor,"요즘 인공지능과 관련된 포스팅을 많이 하게 되는데요. 정말 빠른 속도로 발전하고 다양하게 활용할 수 있습니다. 오늘 포스팅에서는 PC에서 설치 후 이용할 수 있는... ▲ 같은 방법으로 얼굴 소스로 사용되는 source_image를 추가하고, 으로 얼굴 합성 후 변경된 결과를 저장할 수 있는 save image 노드를 만듭니다. 이제 [Queue Prompt] 버튼을...",2024.01.07.
62,"2025년 인공지능 디지털교과서 도입 대비, 수학·영어·정보 교과 교수·학습 방안 논의","이후 교과별 학회 전문가, 교과연구회 및 전문적 학습공동체 등에서 활동하는 교원이 학교 현장에 적합한 교과별 인공지능(AI) 디지털교과서를 활용한 교수·학습 방법을 제안할 예정이다. 오석환 교육부차관은 “올해는 공교육 디지털 대전환을 위한 골든타임”이라고 말하며, “교실혁명의 주인공인 교사가 수업을 혁신할 수 있도록 맞춤 교원 연수와 함께 교과별...",2024.01.30.
63,"CXL 관련주 · 온디바이스 AI 인공지능, 삼성 갤럭시 s24 · 필라델피아 반도체 지수 급등",온디바이스 · CXL 관련주 필라델피아 반도체 지수 급등 AI 인공지능·삼성 갤럭시 s24 미국 경기선행지수(LEI)는 지난해 12월 -0.1%로 21개월 연속 마이너스 행진을 보이고 있지만 다우존스30산업평균지수와 스탠더드앤드푸어스(S&P)500 지수 등 미국 지수는 (AI) 성장에 대한 기대감 등 반도체 관련주 들의 강세로 최고치를 경신하는 등 상승장을...,2024.01.23.
64,2023년 지방자치단체 우수 혁신사례 - 'AI(인공지능)를 이용한 미래지향적 돌봄∙ 치매예방서비스',"2023년 지방자치단체 우수 혁신사례로 고양시 'AI(인공지능)를 이용한 미래지향적 돌봄∙ 치매예방서비스' 가 선정되어 국민체감도 평가를 진행 중이오니 투표 부탁드립니다... 이에 고양시에서는 돌봄, 치매취약계층을 위한 비대면 안부전화 서비스 ‘말벗로(老)벗 서비스’와 AI 스피커의 다양한 프로그램으로 일상생활 속 포괄적 건강관리 및...",2024.01.11.
65,AI시대 인공지능시대 일자리 미래와 인력양성 전략,"Keys키스의 투자스케치 [Back지식] AI시대 인공지능시대 일자리 미래와 인력양성 전략 2024. 3. 13 KIET 산업연구원 ■ 국내기업의 인공지능 도입률은 4% 수준으로 여전히 낮고 경제성과는 아직 가시화되지 않았으나, 본격적인 시대에 대비한 선제적 대응 필요 - 2022년 전체 4% 수준으로 매우 낮고, 최초 도입 이후 사용을 지속하고 있다고 응답한 기업은...",3일 전
66,"[CES 2024] 가정용 AI 인공지능 반려로봇 삼성전자 볼리, LG전자 AI 에이전트","얼리어답터 리뷰/IT정보 [CES 2024] 가정용 AI 인공지능 반려로봇 삼성전자 볼리, LG전자 AI 에이전트 by 엔돌슨 2024. 1. 13. [CES 2024] 가정용 AI 인공지능 반려로봇 삼성전자 볼리, LG전자 AI 에이전트 2024년 CES에서 삼성전자와 LG전자가 각각의 혁신적인 AI 로봇을 공개하였습니다. 가정용 로봇 분야이라 귀엽고 집사로봇으로 가장에서 편의성을 도와주는 애완로봇입니다....",2024.01.13.
67,"[1130] 인공지능 다크호스, 팔란티어에 투자를 해야할까?",인공지능 시대의 수혜주라고 하는데 팔란티어에 대한 정보를 데스크서치를 해보았어요. ·미국의 인공지능(AI) 데이터업체. 미국의 인공지능 관련 산업의 다크호스. ·팔란티어는 2019년 12월 미 육군과 맺은 4년간 4억5800만달러 규모의 '아미 밴티지' 데이터 관리 프로그램에 대한 계약을 지난해 연말 1년 연장하는데 성공함. 이로써 최대 1억1500만 달러의 매출을...,1일 전
68,재미로 보는 인공지능의 2024년 암호화폐 전망,"인공지능의 빅뱅은 2022년 말 OpenAI의 ChatGPT 대규모 언어 모델 AI가 공개되면서 폭발적으로 증가했습니다. ChatGPT의 붐으로 인해 다른 업체들도 이 독점적 지위에 도전장을 내밀었고... 코인텔레그래프는 인공지능이 2024년에 가치 있는 통찰력을 제공할 수 있는지 살펴봅니다. 비트코인이 2024년에 사상 최고치를 경신할까? © wildbook, 출처 Unsplash 구글의 바드는...",2024.01.07.
69,"Al for Oceans 이용해 인공지능 학습시키기, 딥러닝의 뜻","Al for Oceans 사이트를 이용하여 인공지능을 학습시켜보겠습니다. 이렇게 인공지능을 학습시키는 것을 딥러닝이라고 합니다. 딥러닝의 뜻 딥러닝이란 컴퓨터가 스스로 외부 데이터를 조합, 분석하여 학습하는 기술을 뜻합니다. 딥러닝의 고안으로 이 획기적으로 도약하게 되었습니다. 사진출처 : 케이티코리아 컴퓨터가 인간처럼 판단하고 학습할 수...",2주 전
70,피부암을 진단하는 인공지능 기기,이 기기의 이름도 더마센서로 탄성 산란 분광기 (elastic scattering spectroscopy (ESS)) 기술과 인공지능 알고리즘을 이용해 피부암 가능성이 높은 병변을 감별합니다. 더마센서는 피부에 빛을 발사해 피부 조직에서 산란되는 정도를 확인합니다. 이 패턴을 학습한 알고리즘은 앞서 말한 세가지 피부암 가능성을 바로...,2024.01.30.
71,인공지능 채용 - 2024 이어드림스쿨 4기 ai 교육생 모집(AI기술인력 스타트업 양성),인공지능 채용 - 2024 이어드림스쿨 4기 ai 교육생 모집(AI기술인력 스타트업 양성) 안녕하세요. 취업비서 인크루트 입니다. 오늘은 AI개발자로 성장하길 희망하는 분들에게 반가운 소식이 있어서 내용을 정리해드리겠습니다. 중소벤처기업진흥원에서 진행하는 채용 - 2024 이어드림스쿨 4기 ai 교육생 모집(AI기술인력 스타트업 양성)이 2024.02.26까지...,4주 전
72,[대구카톨릭대학교 명품외식CEO 아카데미] 인공지능을 활용한 외식업 창업과 경영 특강,"소상공인을 위한 인공지능 활용법을 가르치고 있는 김영갑 교수입니다. 대구카톨릭대학교 명품외식CEO 아카데미 인공지능을 활용한 외식업 창업과 경영 식당 카페 등의 외식업 경영자를 위한 챗GPT, 코파일럿, 제미나이 등의 챗봇 활용법을 자세하게 알려드리겠습니다. 이제 외식업으로 성공하기 위해서는 을 활용하는 능력이 반드시 필요한 시대가...",2주 전
73,ICT인공지능 AI 무료교육 충청ICT이노베이션스퀘어 교육생 모집,"ICT인공지능 AI 무료교육 충청ICT이노베이션스퀘어 교육생 모집 안녕하세요. 취업비서 인크루트 입니다. 2024년 ICT이노베이션스퀘어 확산사업으로 진행되는 충청ICT인공지능 AI 무료교육 과정에 대한 정보, 교육생 모집 일정과 상세 교육 안내 정보에 대한 부분을 알려드리겠습니다. 모집 기간과 교육대상 및 접수 방법과 수강혜택까지 전문적인...",5일 전
74,삼성 갤럭시 S24 인공지능 스마트폰 출시와 소상공인 식당 사장의 미래?,삼성 갤럭시 S24의 출시와 인공지능 검색의 보편화는 소상공인 식당 사장들에게 새로운 기회를 제공합니다. 이러한 변화에 발맞춰 더욱 행복한 삶과 성공적인 비즈니스를 위해... 인공지능과 같은 첨단 기술을 활용하여 비즈니스 모델과 고객 경험을 혁신합니다. 3. 지속 가능성 (Sustainability) 지역사회와 환경에 긍정적인 영향을 미치는 지속 가능한 실천을...,2024.01.25.
75,파일 요약을 해주는 인공지능 서비스 Word Tune,"마찬가지로 파일을 요약하고 글쓰기를 도와주는 인공지능 서비스다. 우선 웹 사이트 접속을 한다. 위 이미지를 클릭하면 접속이 가능하며, 검색창에 wordtune이라고 검색해도 된다. 자주 사용하는 계정으로 가입을 한다. 사용하는 목적 선택하기. 선택이 모두 끝났다면 Let's go 크롬 확장 프로그램도 있다. 바로 설치가 가능하다. 다양한 방식의 사용이 가능하다....",4주 전
76,EBS와 협력하여 인공지능(AI) 디지털교과서 개발을 지원하다!,"첨부파일 [교육부 03-11(월) 조간보도자료]EBS와 협력하여 인공지능(AI) 디지털교과서 개발을 지원하다!.pdf 개발사가 인공지능(AI) 디지털교과서 개발에 활용할 수 있도록 한국교육방송공사(EBS) 영상, 평가문항 등 지원 풍부한 교육 콘텐츠를 (AI) 디지털교과서에 담아 학생 맞춤교육 지원 교육부(부총리 겸 교육부장관 이주호)와 한국교육방송공사(사장...",2주 전
77,"[CES 2024] 삼성, 엘지의 비밀무기 인공지능 AI와 투명 스크린","얼리어답터 리뷰/IT정보 [CES 2024] 삼성, 엘지의 비밀무기 인공지능 AI와 투명 스크린 by 엔돌슨 2024. 1. 10. [CES 2024] 인공지능AI와 투명 스크린의 신기술 2024년, 세계 최대의 가전·IT 전시회 CES에서 삼성전자와 LG전자는 AI와 투명 디스플레이 기술로 새로운 지평을 열었습니다. 삼성, 엘지전자의 신기술이 총출동한 CES 2024 현상은 가전업체의 기술력과 혁신을...",2024.01.10.
78,"[챗GPT, 코파일럿, 재미나이 등의 인공지능 생활화] 생성형 AI 시대 소상공인 식당 경영자가 사는 방법?","#식당경영자이삶 #인공지능기술활용 #인공지능의생활화 안녕하세요. 온라인마케팅 MBA 김영갑교수입니다. 급변하는 시대 식당 경영자로 성공하기 위해 어떻게 살아야 하는걸까? 정말 막막하죠? 생성형 AI 의 시대입니다. 소규모 식당 경영자의 하루는 기술을 이용하여 효율성을 극대화하고, 고객 경험을 향상시키며, 경쟁력을 유지하는 데 초점을 맞출 수...",2024.02.16.
79,인공지능 사관학교 제5기 교육생을 모집합니다!,"과학기술정보통신부와 광주광역시가 함께하는 AI 고급인재 양성사업 인공지능 사관학교 제5기 교육생을 모집합니다! 기간 2024. 01. 02. (화) ~ 2024. 02. 29. (목) 모집대상 인공지능에 관심있는 만 18세 ~ 만 39세 미취업자 청년 * 대학(원) 휴학 및 졸업생, 취업준비생 누구나 가능 (학력, 전공, 성적, 거주지 등 조건 없음) 교육내용 이론 및 실습 교육 과정 및...",2024.01.08.
80,인공지능 시대에 살아남는 소상공인의 노하우? 컨셉과 콘텐츠를 블로그에 써라,"인공지능 시대에 소상공인이 블로그를 꼭 써야 하는 이유? 인공지능이 학습할 식당 콘텐츠를 여러분이 제공해야 합니다 인공지능 시대에 맞춰 식당 경영자들이 블로그를 통해 전문적인 콘텐츠를 제작하는 것은 매우 중요한 전략이 될 수 있습니다. 기술이 발전함에 따라, 이러한 기술들은 대량의 데이터를 분석하여 사용자에게 개인화된 추천을 제공하게 됩니다....",2024.02.03.
81,AI 인공지능 갤럭시S24 울트라 공식 디자인 이미지,삼성전자는 하드웨어의 큰 변화와 혁신 보다는 인공지능(AI) 기능에 초점을 맞춰 갤럭시S24 시리즈를 선보일 것을 예상해 볼 수 있습니다. 갤럭시S24 시리즈에는 삼성이 자체 개발한... 기능보다도 그 기능의 완성도에 초점을 맞춰서 보는 것이 더 맞겠지만 말이죠. 그럼 AI 강화 갤럭시S24 울트라 공식 디자인 이미지 포스팅은 여기서 마치도록 하겠습니다.,2023.12.30.
82,'인공지능 대전환(AX)' 시대가 열렸다,"생성형 AI가 빠르게 발전하면서 이제는 인공지능을 단순히 활용하는 개념을 넘어, 산업의 체질을 바꾸는 핵심 기술로 활용하는 '인공지능 전환(AI Transformation, AX)' 시대가 다가오고 있습니다. 인공지능 기술을 통해 산업 생태계와 업무 혁신을 이끌어내는 것인데요. 미래의 디지털 경제 시대에 대비하고 경쟁력을 유지하기 위한 필수적인 요소 ' 전환(AX)...",4주 전
83,재활용품 시장에 인공지능과 비즈니스 혁신을 더하다 : 수퍼빈,"김정빈 대표는 인공지능 전문가도 아니지만 인공지능을 성공적으로 비즈니스에 접목했고, 세계은행 직원들도 수퍼빈의 사례를 배우려고 내한했다고 한다. 김정빈 대표는 어떻게 재활용품 시장에 인공지능을 접목시켰을까? 김정빈 대표님의 강연 내용을 Q&A 형식으로 정리하였다. Q. 수퍼빈에 대한 소개 부탁드립니다 수퍼빈은 순환경제(Circular Economy) 비즈니스 모델을...",2주 전
84,"상권분석 모르고 창업, 경영하면? 인공지능 클로바X, 재미나이, 코파일럿, 챗GPT의 답변","#상권분석전문가과정30기 #상권분석의필요성 #인공지능이알려준다 요즘 가장 많이 사용하는 클로바X, 재미나이, 코파일럿, 챗GPT 등 4가지 인공지능 챗봇에게 '상권분석'에 대한 질문을 해 보았습니다. ""상권분석을 모르고 식당을 창업하고 경영하는 상황을 표현하는 가장 적절한 문장은?"" 출처 : 클로바X 1. 네이버 클로바X 답변 네이버 클로바X는 상권분석을 모르고 식당을...",2024.02.13.
85,제조업에 인공지능(AI) 입힌다!,"‘인공지능(AI) 자율 제조 마스터플랜’ 수립 착수 산업통상자원부가 제조업의 공정 혁신과 생산성 제고를 통한 산업 대전환을 위해 ‘인공지능(AI) 자율 제조 마스터플랜’ 수립에... 이에 산업부는 ▲지능형 생산 ▲첨단장비 결합 ▲자율제조 시스템 등을 중심으로 한 마스터플랜을 상반기 중 수립할 계획입니다. 한편, 이날 간담회에서 참석 기업들은 산업 AI가 제조업...",2주 전
86,"제조현장 문제, 데이터와 인공지능으로 푼다",중소벤처기업부(장관 이영)는 28일 aT센터에서 ‘제3회 K-인공지능 제조데이터 분석 경진대회(이하 경진대회)’ 시상식을 개최하고 입상한 8개 팀을 시상했습니다. 올해로 3회째를 맞는 경진대회는 제조데이터와 인공지능을 활용하여 제조현장의 문제를 해결하는 아이디어를 겨루는 대회로 2021년부터 매년 개최하고 있습니다. 이번 경진대회에서는...,2023.11.28.
87,"[<생성형 인공지능 활용·준비 현황> 조사 보고서] AI 활용은 저작권 문제로 소극적, 성공보다 실패...","생성형 인공지능이 다양한 분야에서 활용되는 가운데, 언론사들도 이를 업무에 도입하는 방안을 고민하고 있다. 가이드라인 마련 등 적극적으로 기술 변화에 대응해 온 해외와 비교했을 때 국내는 어떨까? 2023년 4월에서 8월까지 한국언론진흥재단에서 조사한 국내 언론사들의 생성형 활용과 준비 현황을 살펴본다. 편집자 주 김정환 국립부경대...",6일 전
88,Vrew 인공지능 기능을 이용해서 영상 만들기,인공지능 홍길동이 나오는데요. 마이크 앞에서 자신을 소개하는데요. 저도 이런 인공지능 영상을 만들어 보겠습니다. 새로만들기 - 텍스트로 비디오 만들기를 해보겠습니다. 비디오를 삽입하기 위해 프로그램을 다운받아 설치해야 한다고 하네요. 아무래도 예를 눌러야겠죠. 다음으로 영상 비율을 정하라고 하네요. 16:9가 표준이니 이렇게 하겠습니다. 스타일일 넣어서...,2023.12.22.
89,"〈Simulant〉 ; 인공지능, '인간적'이 될수록' 인간의 적'이 되는가?",거울이 인공지능 SF영화다. 이 글을 쓰는 시점에서 인공지능을 다룬 가장 최근 SF영화는 11월 2일 개봉했던 에이프릴 멀린 감독의 신작 <시뮬런트(Simulant)〉다. 인간의 지능적인 행위를... 지구 역사에서 대멸종은 지구라는 무대에서 상연되는 연극의 주인공이 바뀌는 과정이다. 그런 맥락에서 인류세는 이란 포스트휴먼을 우리 종 후계자로 우리 스스로가...,4주 전
90,2023년 인공 지능 툴 순위-Top 10 AI Tools,"기대와 두려움에 대한 논란 속에도 온통 인공 지능에 관한 소식과 이야기가 무성하다. 일상 속으로 파고들고, 기업마다 접목하여 활용하려는 움직임이 눈에 보인다. 유료... 그는 ""2023년이 대중에게 대대적으로 인상을 준 범용 생성형 챗봇의 한 해였다면, 2024년은 초점을 좁히는 전문화의 한 해가 될 것이다'라고 전망한다. 가장 인기...",2024.01.26.
91,"[하우스 트렌드 모음. zip] 라이프스타일 체인저, 인공지능","zip의 이번 주제는요, ‘라이프스타일 체인저, 인공지능’입니다. 주거, 집안일 등 우리의 삶을 이루는 여러 분야가 인공지능의 영향을 받고 있는데요. 그 영향으로 어떤 변화가 일어나고 있는지 함께 알아볼까요? 우선 인공지능(AI)에 대해서 간단하게 소개하자면 은 컴퓨터에서 음성 및 작성된 언어를 보며 이해하고 변역하면서 데이터를 분석하고...",2024.01.25.
92,"[자영업자 챗GPT, 제미나이, 코파일럿 인공지능 활용법] 소상공인 외식업 창업, 경영, 마케팅","소상공인 자영업자를 위한 인공지능 활용법 강의를 진행하고 있는 김영갑 교수입니다. 오늘은 대구카톨릭대학교 명품외식CEO 아카데미에서 '인공지능을 활용한 외식업 창업, 경영, 마케팅' 특강을 진행합니다. 자영업자 및 소상공인이 외식업 창업, 경영, 마케팅에 챗GPT, 제미나이, 코파일럿 같은 (AI) 도구를 활용하는 것은 비즈니스 운영의 효율성을 높이고...",6일 전
93,"Webtoon Ai Painter, 네이버에서 제공하는 인공지능 채색기, 포토샵 생성형 채우기로 배경 채우기","요즈 인공지능이 정말 큰 화제인데요, 네이버에서 제공하는 인공지능 채색기인 'WEBTOON AI PAINTER'를 활용해 자동채색을 해봤습니다. 아울리 배경은 포토샵CC2024에서 제공하는 생성형 채우기로 해보았습니다. WEBTOON AI PAINTER https://ai.webtoons.com/ko/painter 'WEBTOON AI PAINTER는 네이버에서 딥러닝 기술을 이용하여 제공하는 자동채색 기능입니다. PC와 모바일버전...",3주 전
94,무료로 이용할 수 있는 인공지능(AI) 툴 추천,"유튜브 링크만 붙여넣으면 AI가 자동으로 내용을 요약해주고, AI 음성 인식 기능을 통해 자막을 자동으로 생성하는 등 인공지능을 활용한 다양한 플랫폼이 개발되고 있습니다. 무료로 이용할 수 있는 인공지능(AI) 툴, 윤커뮤니케이션즈와 함께 살펴보세요! 유튜브 URL만 붙여넣으면 AI가 자동으로 요약 '릴리스(Lilys) AI' 유튜브 영상의 URL을 붙여넣으면 요약해주는...",2주 전
95,시력 저하 환자를 돕는 인공지능 웨어러블 기기 AiSee,Suranga Nanayakkara)가 이끄는 연구팀은 시력이 거의 상실되어 손에 든 물건이 무엇인지도 잘 보이지 않는 시력 저하 환자를 돕는 인공지능 웨어러블 기기인 AiSee를... 참고 https://newatlas.com/wearables/aisee-wearable-blind-object-recognition/ https://news.nus.edu.sg/ai-powered-eye-for-visually-impaired-people/ ##시력저하#AiSee#웨어러블,2024.02.13.
96,[상권분석전문가과정 30기 5주차 수업 예고] 인공지능을 이용한 상권분석부터 실무에 적용하는 방법까지,"#상권분석전문가과정30기 #상권분석에인공지능활용법 안녕하세요. 상권분석전문가과정 김영갑 교수입니다. 오늘은 내일 진행하게 될 상권분석전문가과정 30기 5주차 수업을 준비하고 있습니다. 5주차 수업의 주제는 인공지능을 활용한 상권분석입니다. 1교시에는 을 상권분석을 할 때 어떻게 활용하는지 학습할 예정입니다 한마디로 정의하면, 상권분석을 할 때...",2024.02.05.
97,"뉴로메카-마음AI, 로봇·인공지능 융합으로 ‘무인화 시대’ 연다",협동로봇 업체 뉴로메카와 인공지능 기술 업체 마음AI가 힘을 합친다는 소식입니다. 무인화 솔루션을 개발하겠다는 포부에 의한 협력인데요. 어떤 내용일지 궁금합니다. ‘로봇 기술 및 인공지능을 통한 무인화 솔루션 개발 공동 사업’ 업무협약 맺어 무인화 식음료 로봇 모델 개발에 가속도 뉴로메카와 마음AI가 무인화 솔루션 개발에 힘을 합친다. 이번...,3일 전
98,우리 아이들이 살아갈 세상 : 인공지능과 로봇,"앞으로 다가올 새로운 세상, 인공지능(AI)과 로봇이 가져올 혁신은 예전의 인터넷과 스마트폰이 만들어 낸 것들과 많이 다르지는 않을까 싶은 생각이 들었네요. 인공지능(AI)은 인간보다 스마트하며, 로봇은 인간보다 힘이 세고 지치지 않기에 지적능력이 필요한 모든 직업군은 이, 신체능력이 필요한 모든 직업군은 로봇이 충분히 인간을 대체할 수 있기...",3주 전
99,"챗GPT, 구글 바드, 마이크로소프트 코파일럿 등 인공지능 잘 활용하는 방법?","#온라인마케팅MBA25기 #상권분석전문가과정31기 워드, 엑셀, 파워포인트도 제대로 못쓰는데 인공지능을 잘 활용할 수 있을까요? 외식사업 경영학과 마케팅을 모르면서 인공지능에게 외식업 성공 노하우를 제대로 질문하고 답변 내용을 정확히 이해할 수 있을까요? 챗GPT, 구글 바드, 마이크로소프트 빙과 코파일럿 등 제대로 활용하려면 자신의 분야 전문지식부터...",2024.01.24.
100,인공지능 첨단 스마트팜 개발 기술 전시 - AI TECH+,인공지능 첨단 스마트팜 개발 기술 전시 전남농업기술원(원장 박홍재)은 8월 30일부터 3일간 광주 김대중컨벤션센터에서 동시 개최되는 ‘그린&아그리텍 아시아 2023’과 ‘AI TECH+’에서 농산업 AI 혁신기술 고도화 국제컨퍼런스와 전라남도의 스마트팜 우수성과를 전시했다. 농업기술원에 따르면 스마트팜 우수성과 전시에는 한전과 공동...,2024.01.19.
101,"한국어 특화 생성형 AI 인공지능 개발도구, 클로바 스튜디오(CLOVA Studio)","국내 인공지능 시장을 선도하기 위한 노력을 기울이고 있죠. 클로바 스튜디오를 통해 기업이 보유한 자체 데이터와 HyperCLOVA X를 결합하여 해당 비즈니스에 특화된 생성형 AI... 기업들은 CLOVA Studio의 다양한 인공지능 기능들을 통해 자사의 비즈니스 업무 효율을 향상시킬 수가 있고, 이미 여러 기업과 단체에서 하이퍼클로바X를 적용한 서비스를 운영하고...",2주 전
102,AI 인공지능 관련 코인 업비트 빗썸 상장 목록,"바로 인공지능(AI) 관련 코인으로 약 1개월 동안 100%~400% 이상 상승하는 엄청난 시세 형성을 보여주고 있는 상황에서 최근 오픈 AI, 마이크로소프트, 엔비디아 등 대기업들의 투자와... 빗썸, 업비트 상장 인공지능 AI 관련 코인 목록 *업비트의 경우 해당 테마가 많지 않으며 중복되기에 부연 설명으로 포함해두겠다. 1. 월드코인(WLD) 오픈 AI CEO 샘 알트먼이 개발에...",3주 전
103,직장인자기계발 뿐만 아니라 취업준비 챗GPT 인공지능까지 한번에,이직 뿐만 아니라 직장에서 능력을 인정 받거나 업무를 빨리 끝내고자 함에 있어서 챗 GPT 이용과 인공지능을 결합해서 업무효율을 높이고자 계획을 저도 했었는데 ... 공부를 해야겠죠~~~ 2024년에는 챗GPT와 관련 인공지능 서비스를 완전히 무한히 마스터할 것으로 한도 끝도 없이 계획했지만 새해가 밝아온지 10여일만에 정신 차리고 공부를 시작하기로 했습니다....,2024.01.17.
104,"포토샵 생성형 채우기 활용, 인공지능 사진으로 카드 뉴스 디자인 만들기!","해당 기능을 활용하면 인공지능 사진을 바탕으로 인스타 카드 뉴스 디자인 만들기도 쉽고 빠르게 할 수 있기 때문에 콘텐츠 제작 시간을 크게 단축할 수 있어 현재 많은 여행, 음식... 그러면 3개의 결과물이 나오는데, 실제 촬영한 사진 같은 멋진 퀄리티로 사진이 생성돼요. 결과물 3개 중 하나를 선택하여 쓸 수 있으며, 만약 결과물이 마음에 들지 않으면 다시...",2024.02.07.
105,"中 샤오미 CEO, 인공지능을 9년 의무교육에 포함시켜야","中 샤오미 CEO, 인공지능을 9년 의무교육에 포함시켜야 지난 4일부터 열린 중국 양회에서 전국인민대표대회 대표이자 샤오미（小米）그룹 회장 겸 CEO인 레이쥔이 ‘저탄소’와 ‘지능’의 두가지 방향을 둘러싸고 대회에 4가지 건의를 제안했습니다. 그중 〈 인재양성을 강화하여 과학기술 변혁의 수요를 만족시킬 데 관한 건의〉에서는 을 9년...",2주 전
